Scheduling End,20518987927
Makespan,1027098758507
Schedule Repartition Time,Repartition Begin,Repartition End,Copy Duration
-71.9211,-71.9211,-71.9209,1.218e-05
1.88133,2.04511,2.60585,1.88127
4.70164,4.72454,5.69977,1.46832
7.99699,8.18862,9.0219,1.58247
11.4523,11.6454,12.4803,1.77475
15.1749,15.2784,15.9595,2.02165
18.6097,18.8164,19.8153,1.96213

