Scheduling End,112381985333
Makespan,175021297018
Schedule Repartition Time,Repartition Begin,Repartition End,Copy Duration
27.7624,27.7625,28.7296,4.57679
47.3847,47.6945,49.0308,2.91246
70.5569,70.8684,72.9052,3.33556
96.7415,97.2021,99.5779,6.83246
115.026,115.633,118.48,4.41738

